Lemma	Form	POS	Line	Gloss
á-nihst	ánihst	adv	126	at the last
ac	ac	conj	38	but
æfnan	æfnan,	v	141	practice
æfter	æfter	prep	12	after
Ægelmund	Ægelmund	asn	117	Agelmund
ǣht	ǣht	asn	93	possession
Ælfwine	Ælfwine,	dsn	70	Ælfwine
Ænēnas	Ænēnum.	dpn	61	Ænēnas
ærest	ærest	adj	38	first
æt	æt	prep	49	at
Ætla	Ætla	apn	18	Atilla
Ætla	Ætlan	gsn	122	Atilla's
ætsomne	ætsomne	adv	46	together
æþelo	æþele	npn	5	noble
āgan	āhte,	pret.sv	77	possesed
āhebban	āhofan,	pret.pv	104	raised
Alewih	Alewih	nsn	35	Alewih
Alexandreas	Alexandreas	nsn	15	Alexander
ālicgan	ālæg,	pret.sv	119	rest
Amoþingas	Amothingum.	dpn	86	the Amothings
āne	Āne	isn	41	one
ārǽran	ārǽran,	v	140	to heighten
Baningas	Baningum,	dpn	19	the Baningas
Beadeca	Beadecan	asn	112	Beadecan
bēag	bēag	asn	65	necklace
bēag	bēaga,	gpn	74	treasures
bēag	bēag	asn	90	treasure
bearn	bearn	nsn	74	child
Becca	Becca	nsn	19	Becca
Becca	Beccan,	asn	115	Becca
bēon	biþ	pres.v	132	be
beorht	beorhtra	gpadj	74	bright
bī	bī	prep	43	by
bī	be	prep	100	with
bī	bī	prep	105	with
bicuman	bicwom,	pret.sv	94	came
bidǽlan	bidǽled,	ppv	52	deprived of
Billing	Billing	nsn	25	Billing
Breoca	Breoca	nsn	25	Breoca
Brondingas	Brondingum,	dpn	25	Brondings
bryttian	bryttian.	v	102	distribute
Burgendan	Burgendum	dpn	19	the Burgundians
Burgendan	Burgendum,	ipn	65	the Burgundians
burgwaran	burgwarena	gpn	90	townspeople
Cælic	Cælic	nsn	20	Caelic
Casere	Casere	nsn	20	Caesar
Casere	Casere,	dsn	76	Caesar
cnihtwesende	cnihtwesende,	pp	39	being a youth
cnōsl	cnōsle	dsn	52	kindred
Creacas	Creacum	dpn	20	the Greeks
Creacas	Creacum	ipn	76	the Greeks
cunnan	cuþan,	pret.pv	107	knew
cunnian	cunnade	pret.psv	52	experience
cwēn	cwēn	asn	102	queen
cynegōd	cynegōde	adj	56	well-born
cynerice	cynerica	gpn	39	king-realm
cyning	cyning.	gsn	34	king
cyning	cyning!	nsn	67	king
cyning	cyning	nsn	89	king
cynn	cynnes,	gsn	16	kin
cynn	cynne.	isn	27	tribe
cynn	cynn	asn	47	tribe
cyst	cystum	ipn	56	a choice gift
Dēan	Deanum	dpn	63	Deans
Dene	Denum;	dpn	35	the Danes
dohtor	dohtor	n	98	daughter
dōm	dōm	asn	140	reputation
dōm	dōm.	asn	143	glory
ðonan	ðonan	adv	109	thence
dryhtcwēn	dryhtcwēn	n	98	queen of the army
dugan	dohten.	pret.subj.pv	56	would be generous
dugan	dohte;	pret.sv	89	was generous
duguþ	duguþe,	gsn	98	a body of royal fighting men
duguþ	duguþe	dsn	140	royal military men
Eadgils	Eadgilse	dsn	93	Eadgils
Eadwine	Eadwines.	asn	74	of Edwin
Eadwine	Eadwines.	gsn	98	of Edwin
Eadwine	Eadwine	asn	117	Edwin
eal	ealra	adj	15	all
eal	ealra,	adj	36	of all
eal	ealle	asn	88	all
eal	ealne	asadj	109	all
eal	ealdne	adj	122	old
eal	eal	adj	141	all
Ealhhild	Ealhhild	nsn	97	Ealhhild
Ealhhilde	Ealhhilde,	dsn	5	Ealhhilde
eastan	eastan	adv	8	east
Eastgota	Eastgotan,	asn	113	Ostrogotha
Eastþyringas	Eastþyringum	dpn	86	Thuringians
Eatul	Eatule	dsn	70	Italy
Ebreas	Ebreum	dpn	83	the Hebrews
efeneald	efeneald	adj	40	contemporaries
Egypte	Egyptum.	dpn	83	the Egyptians
Elsa	Elsan,	asn	117	Elsa
Emerca	Emercan	asn	113	Emerca
Engle	Engle	asn	44	the Angles
Engle	Englum	dpn	61	the Angles
eorl	eorl	gpn	12	leader
eorlscipe	eorlscype	asn	37	manliness
eorlscipe	eorlscipe	nsn	40	manliness
eorlscipe	eorlscipe	nsn	141	noble behavior
Eormanrīc	Eormanrices,	gsn	8	Ermanric
Eormanrīc	Eormanric	nsn	18	Ermanric
Eormanrīc	Eormanrice	dsn	88	Ermanric
Eormanrīc	Earmanrices.	dsn	111	Ermanric
eorþe	eorþan,	asn	2	earth
Eowan	Eowum	dpn	26	the Eows
Exsyringas	Exsyringum,	dpn	82	the Assyrians
eþel	eðle	dsn	12	homeland
ēþel	ēþel,	asn	96	inherited land
ēþel	ēþel	asn	109	fatherland
ēþelstōl	ēþelstōl	asn	122	ancestral land
fæder	fæder	gsn	96	father's
fæder	fæder	asn	114	father
fæle	fælre	adj	6	gracious
fela	Fela	adj	10	many
fela	fela,	adj	50	many
fela	fela,	adj	99	many
fela	fela,	adj	136	many
feor	feor	adj	53	far
fēring	fēringe,	dsn	131	journeying
Fīfeldore	Fifeldore;	dsn	43	the Eider estuary
Fin	Fin	nsn	27	Fin
Finnas	Finnum,	dpn	20	the Finns
Finnas	Finnum	ipn	76	the Finns
flēogan	fleag	pret.sv	127	fly
flett	flette	dsn	3	great hall
folc	folca	gpn	3	tribe
Folcwalding	Folcwalding	nsn	27	son of Folcwalda
folde	foldan	asn	17	the earth
folgian	folgade	pret.sv	53	served
for	for	prep	104	before
forbīgan	forbīgdan,	pret.pv	48	humbled
forð	forð	adv	43	thenceforth
fore	fore	prep	55	before
fore	fore	prep	140	before
forgiefan	forgeaf	pret.sv	66	gave
forgiefan	forgeaf	pret.sv	90	gave
forgiefan	forgeaf	pret.sv	95	gave up
forgiefan	forgeaf	pret.sv	97	gave
forhēawan	forhēowan	pret.pv	49	cut to pieces
forma	forman	adj	6	first/foremost
forwrecan	forwrǣcon	pret.pv	47	drove off
forþon	Forþon	conj	54	therefore
frēa	frēa	n	96	king
fremde	fremdra	adj	50	foreign
fremman	fremede,	pret.sv	37	achieve
frēomǣgum	frēomǣgum	dpn	53	generous kinsmen
Freoþerīc	Freoþeric,	asn	124	Freoþeric
freoþuwebbe	freoþuwebban,	dsn	6	peace-weaver
Frēsan	Fresna	asn	27	the Frisian
Frēsan	Frysum	dpn	68	the Frisians
Fridla	Fridlan	asn	113	Fridla
frōd	frōdne	adj	114	wise
from	from	prep	4	from
Froncan	Froncum,	dpn	24	the Franks
Froncan	Froncum	ipn	68	the Franks
fruma	fruma,	n	90	first among
Frumtingas	Frumtingum.	dpn	68	the Framtings
ful	ful	adv	119	very
ful	Ful	adv	127	very
gar	gar	n	128	spear
Gēatas	Geatum	dpn	58	the Geats
gedāl	gedāles,	gsn	73	distributed
gedryht	gedryht	asn	118	company
Gefflēgan	Gefflegum.	dsn	60	The Gefflegans
gefrǣge	gefrǣge,	isn	71	information (got by inquiry).
gefricgan	gefrægen	ppn	17	learned (by asking)
gefrignan	gefrægn	pret.sv	10	learned (by asking)
Gefwulf	Gefwulf,	nsn	26	Gefwulf
Gefþan	Gefþum	dpn	60	The Gibids
gehealdan	gehealdenne,	gerund	134	holding
gehwylc	gehwylc	adj	11	each
gemǣran	gemǣrde	pret.sv	42	defined
gemētan	gemētað	v	138	met
geond	geond	prep	51	throughout
geond	geond	prep	99	throughout
geond	geond	prep	136	throughout
geondferan	geondferde;	pret.sv	3	travel over
geondfēran	geondfērde	pret.sv	50	traverse
geondhweorfan	geondhwearf	pret.sv	109	traverse
gesceap	gesceapum	ipn	135	fate
gescyrian	gescyred	ppv	92	reckoned
gesecan	gesohte	pret.sv	7	sought
gesīþ	gesīþa	apn	110	battle comrades
gesīþ	gesīþa	gpn	125	comrades in arms
geslean	geslog	psv	38	won
geslean	geslog	psv	44	won
geweald	geweald	asn	77	authority
gewyrcan	gewyrceð,	v	142	works
geþeon	geþeon	v	13	prosper
geþeon	geþah	pret.sv	16	throve
geþicgan	geþah	pret.sv	3	received
geþicgan	geþah;	pret.sv	65	receive
giefu	giefe	apn	102	gifts
giefu	geofum	ipn	139	gifts
giellan	giellende	verb	128	yelling
Gifica	Gifica.	nsn	19	Gifica
ginn	ginne	adj	51	wide
Gislhere	Gislhere,	asn	123	Gislaharius
glædlic	glædlicne	adj	66	goodly
glēaw	glēawne,	adj	139	appreciative
glēomonn	glēomen	npm	136	glee-man, minstrel
Glomman	Glommum.	dpn	21	the Glomman
Glomman	Glommum	dpn	69	the Glomman
God	God	n	133	God
gōd	Gōdes	nsn	51	good things
gōd	gōde	isn	89	good
gōd	gōdne	adj	114	good
gold	goldes,	gsn	91	gold
gold	golde	isn	129	gold
goldhroden	goldhrodene	adj	102	gold-adorned
Gotan	Gotum,	ipn	18	the Goths
Gotan	Gotena	gpn	89	the Goths
Gotan	Gotena,	gsn	109	of the Ostrogoths
grom	grome	adj	128	hostile
grund	grund.	asn	51	region
grund	grunda	gpn	136	region
Guðhere	Guðhere	nsn	66	Guðhere
guma	gumena	gpn	133	men's
guma	gumena	gpn	136	men
gydd	gydda	gpn	139	poem
habban	hæbbe.	psv	17	have
habban	hæfde	pret.sv	71	had
habban	hafað	psv	143	has
hæleþ	hæleþum	dpn	81	heroes
Hælsingas	Hælsingum,	ipn	22	Hælsings
Hætwere	Hætwerum	dpn	33	the Hætwere
hæþen	hæðnum	dpn	81	heathens
Hagena	Hagena	nsn	21	Hagen
ham	ham	asn	7	home
ham	ham	asn	94	home
Hama	Haman;	asn	124	Hama
Hama	Hama.	nsn	130	Hama
hāten	hāten	ppv	34	called
hē	hē	nsppn	3	he
hē	Him	asn	4	him
hē	He	nsppn	5	he
hē	his	gspn	13	his
hē	hē	nsppn	16	he
hē	hē	nsppn	37	he
hē	him	gsn	40	of him
hē	hit	asn	44	he
hē	hȳ	ppn	47	he
hē	hē	nsppn	95	he
hē	Hyre	gsn	99	her
hē	hī	npn	108	he
hē	hȳ	apn	126	he
hē	him	dsn	133	him
hē	hē	nsppn	134	he
Heaðobeardan	Heaðobeardna	gpn	49	Heathobards'
hēahfæst	hēahfæstne	adj	143	lasting
healdan	heoldon	pret.pv	43	held
healdan	heoldon	pret.pv	45	held
hēap	hēape	dsn	127	company
heard	heardum	adj	120	hard
hearpe	hearpan	dsn	105	harp
HeaÞoreamas	Heaþoreamum.	dpn	63	HeaÞoramas
Heaþoric	Heaþoric	asn	116	Heathoric
Heðca	Heðcan	asn	112	Hache
Helm	Helm	nsn	29	Helm
Heoden	Heoden	nsn	21	Heoden
heofon	heofonum	dpn	143	the heavens
Heorot	Heorote	dsn	49	Heorot
heorte	heortan	asn	73	heart
hēr	hēr	nsn	134	here
here	here	nsn	120	army
Herefaran	Herefarena	gpn	34	the Herefaren's
Herelingas	Herelingas,	apn	112	Herelingas
hlēodryhten	hlēodryhtne,	dsn	94	lord protector
hlēoþor	hlēoþor	n	105	song
Hlīþe	Hliþe	asn	116	Lotherus
hlude	hlude	adv	105	loudly
Hnæf	Hnæf	nsn	29	Hnæf
Hocingas	Hocingum,	dpn	29	the Hocings
Holen	Holen	nsn	33	Holen
Holmrygas	Holmrygum	dpn	21	the Rugians
hond	hond	asn	72	hand
Hræde	Hræda	gsn	120	Hræde
Hreðcyning	Hreðcyninges	gsn	7	King of the Ostrogoths
Hreðgotan	Hreðgotum,	dpn	57	Ostrogoths
hring	hringa	gpn	73	rings
Hringwald	Hringweald	nsn	34	Hringwald
Hroðgar	Hroðgar	nsn	45	Hroðgar
Hronan	Hronum	dpn	63	Hronan
Hroþwulf	Hroþwulf	nsn	45	Hroþwulf
hū	hū	adv	56	how
Hun	Hun	nsn	33	Hunn
Hunas	Hunum,	ipn	18	the Huns
Hunas	Hunum	dpn	57	The Huns
hund	hund	num	91	hundred
Hundingas	Hundingum.	dpn	23	the Hundings
Hundingas	Hundingum.	dpn	81	the Hundings
Hungar	Hungar,	asn	117	Hungar
hwær	hwær	adv	101	where
hwæþre	hwæþre	adv	37	however
Hwala	Hwala	nsn	14	Hwala
hweorfan	hweorfað	ppv	135	roved
hwil	hwile	asn	14	a while
hwīnan	hwīnende	ppv	127	whining
hȳran	hȳrdon.	pret.pv	108	heard
ic	ic	pn	10	I
ic	ic	pn	17	I
ic	ic	pn	50	I
ic	ic	pn	52	I
ic	ic	pn	54	I
ic	ic	pn	57	I
ic	ic	pn	59	I
ic	ic	pn	60	I
ic	ic	pn	61	I
ic	ic	pn	62	I
ic	ic	pn	63	I
ic	ic	pn	64	I
ic	ic	pn	65	I
ic	ic	pn	68	I
ic	ic	pn	69	I
ic	ic	pn	70	I
ic	ic	pn	75	I
ic	ic	pn	76	I
ic	ic	pn	79	I
ic	ic	pn	80	I
ic	ic	pn	82	I
ic	ic	pn	84	I
ic	ic	pn	86	I
ic	ic	pn	88	I
ic	ic	pn	93	I
ic	ic	pn	94	I
ic	ic	pn	100	I
ic	ic	pn	101	I
ic	ic	pn	109	I
ic	ic	pn	110	I
ic	ic	pn	112	I
ic	ic	pn	113	I
ic	ic	pn	115	I
ic	ic	pn	117	I
ic	ic	pn	119	I
ic	ic	pn	123	I
ic	ic	pn	126	I
ic	ic	pn	131	I
Idumingas	Idumingum.	dpn	87	Idumings
Ilwan	Eolum	dpn	87	the Ilwan
in	in	prep	55	in
Incgenþeow	Incgenþeow.	asn	116	Incgenþeow
Indeas	Indeum	dpn	83	THe Hindus
Ingeld	Ingeldes	gsn	48	Ingeld
innweorud	innweorud	n	111	native peoples
Israhelas	Israhelum	dpn	82	the Israelites
Iste	Istum	dpn	87	the Austrogoths
lēan	lēane.	dsn	67	reward
lēan	lēane,	dsn	95	reward
lengan	lengest	adv	28	longest
lengan	lengde	pret.sv	99	stretched
lengest	lengest	adv	45	longest
lēod	lēodum.	dpn	122	people
lēof	lēofum	adj	95	dear
lēof	lēofast	adv	132	dearest
lēoht	lēohteste	adj	72	lightest
lēoht	lēoht	nsn	142	light
Leonas	Leonum	dpn	80	the Leonas
Lidwicingas	Lidwicingum	dpn	80	the Lidwiccas
līf	līf	nsn	142	life
lifgan	lifgan,	v	11	live
lifgan	leofað.	psv	134	lives
lof	lofes	gsn	72	praise
lof	lof	asn	99	praise
lof	lof	asn	142	praise
lond	londa	gpn	50	lands
lond	londa	gpn	99	lands
londbūend	londbūendum	dpn	132	subjects
Longbeardan	Longbeardum,	dpn	32	the Langobards
Longbeardum	Longbeardum,	dpn	80	The Langobards
longd	lond	asn	95	land
maðelian	maðolade,	pret.sv	1	spoke
mægþ	mǣgþum	ipn	10	tribe
mǣgþ	mǣgþa	gpn	2	people
mǣnan	mǣnan	v	55	make known
mæst	mǣst	adj	2	most
mæst	mǣst	adj	16	most
mæst	mǣst.	adj	39	greatest
magan	mæg	psv	54	will
māra	māran	adj	40	more
māþþum	māþþum.	asn	4	treasure/gift
māþþum	māþþum	asn	66	treasure
me	me	dsppn	56	me
me	me	dsppn	66	me
me	me	dsppn	89	me
me	me	dsppn	90	me
me	me	dsppn	95	me
me	me	dsppn	97	me
Meaca	Meaca	nsn	23	Meaca
Mearchealf	Mearchealf	nsn	23	Mearchealf
mengo	mengo	dsn	55	company
meoduheall	meoduhealle	dsn	55	mead-hall
merc	merce	asn	42	boundary
mid	mid	prep	5	with
mid	mid	prep	57	with
mid	mid	prep	57	with
mid	mid	prep	58	with
mid	mid	prep	58	with
mid	mid	prep	58	with
mid	mid	prep	59	with
mid	mid	prep	59	with
mid	mid	prep	59	with
mid	mid	prep	60	with
mid	mid	prep	60	with
mid	mid	prep	60	with
mid	mid	prep	61	with
mid	mid	prep	61	with
mid	mid	prep	61	with
mid	mid	prep	62	with
mid	mid	prep	62	with
mid	mid	prep	63	with
mid	mid	prep	63	with
mid	mid	prep	63	with
mid	mid	prep	64	with
mid	mid	prep	64	with
mid	mid	prep	65	with
mid	mid	prep	68	with
mid	mid	prep	68	with
mid	mid	prep	68	with
mid	mid	prep	69	with
mid	mid	prep	69	with
mid	mid	prep	69	with
mid	mid	prep	70	with
mid	mid	prep	75	with
mid	mid	prep	75	with
mid	mid	prep	76	with
mid	mid	prep	76	with
mid	mid	prep	76	with
mid	mid	prep	79	with
mid	mid	prep	79	with
mid	mid	prep	79	with
mid	mid	prep	80	with
mid	mid	prep	80	with
mid	mid	prep	80	with
mid	mid	prep	81	with
mid	mid	prep	81	with
mid	mid	prep	81	with
mid	mid	prep	82	with
mid	mid	prep	82	with
mid	mid	prep	83	with
mid	mid	prep	83	with
mid	mid	prep	83	with
mid	mid	prep	84	with
mid	mid	prep	84	with
mid	mid	prep	84	with
mid	mid	prep	86	with
mid	mid	prep	86	with
mid	mid	prep	87	with
mid	mid	prep	87	with
mid	mid	prep	88	with
mīn	mīne	adj	71	my
mīn	mīnum	adj	94	my
mīn	mīnes	adj	96	my
mōd	mōdum	ipn	106	spirits
mōdig	mōdgast	adj	36	noblest
Mofdingas	Mofdingum	dpn	85	Mofdings
Moide	Moidum	dpn	84	the Moids
moncynn	moncynnes,	gsn	71	mankind
monig	monige	adj	106	many
monn	monna	gpn	2	men
monn	monna	gpn	10	men
monn	monna	gpn	16	men
monn	manna	gpn	36	men
monn	monna,	gpn	38	men
monn	men,	npn	106	men
mynelīc	mynelīcne	adj	4	handsome
Myrging	Myrgingum	dpn	4	the Myrgings
Myrgingas	Myrgingum,	dpn	23	the Myrgings
Myrgingas	Myrgingum	dpn	42	the Myrgings
Myrgingas	Myrgingum,	dpn	84	the Myrgings
Myrgingas	Myrginga.	gpn	96	of the Myrgings
nǣfre	nǣfre	adv	108	never
nænig	Nænig	pn	40	Not any
ne	ne	negative	108	not
ne	ne	negative	119	not
ne	ne	negative	125	not
nemnan	nemnan	v	126	name
nō	nō	adv	37	not at all
None	a	None	111	None
norþ	norð	adv	138	north
nsn	Ongendþeow,	Ongendþeow	31	Ongenþeow
of	of	prep	8	from
of	of	prep	127	from
ofer	ofer	prep	2	over
ofer	ofer	prep	17	over
ofer	ofer	prep	37	more than
Offa	Offa	nsn	35	Offa
Offa	Offan	dsn	37	Offa
Offa	Offa	asn	38	Offa
Offa	Offa	asn	44	Offa
oft	oft	adv	3	often
oft	oft	adv	119	often
oft	oft	adv	127	often
on	on	prep	3	in
on	on	prep	41	in
on	on	prep	70	in
on	on	prep	91	in
on	on	prep	93	in
on	on	prep	128	in
on	on	prep	131	in
ond	ond	conj	15	and
ond	ond	conj	16	and
ond	ond	conj	20	and
ond	ond	conj	21	and
ond	ond	conj	26	and
ond	ond	conj	33	and
ond	ond	conj	44	and
ond	ond	conj	45	and
ond	ond	conj	48	and
ond	ond	conj	51	and
ond	ond	conj	54	and
ond	ond	conj	57	and
ond	ond	conj	58	and
ond	ond	conj	58	and
ond	ond	conj	59	and
ond	ond	conj	59	and
ond	ond	conj	60	and
ond	ond	conj	60	and
ond	ond	conj	61	and
ond	ond	conj	61	and
ond	ond	conj	62	and
ond	ond	conj	62	and
ond	ond	conj	63	and
ond	ond	conj	63	and
ond	ond	conj	64	and
ond	ond	conj	65	and
ond	ond	conj	68	and
ond	ond	conj	68	and
ond	ond	conj	69	and
ond	ond	conj	69	and
ond	ond	conj	75	and
ond	ond	conj	76	and
ond	ond	conj	76	and
ond	ond	conj	78	and
ond	ond	conj	78	and
ond	ond	conj	79	and
ond	ond	conj	79	and
ond	ond	conj	80	and
ond	ond	conj	80	and
ond	ond	conj	81	and
ond	ond	conj	81	and
ond	ond	conj	82	and
ond	ond	conj	83	and
ond	ond	conj	83	and
ond	ond	conj	84	and
ond	ond	conj	84	and
ond	ond	conj	85	and
ond	ond	conj	85	and
ond	ond	conj	86	and
ond	ond	conj	87	and
ond	ond	conj	87	and
ond	ond	conj	87	and
ond	ond	conj	88	and
ond	ond	conj	97	and
ond	ond	conj	112	and
ond	ond	conj	112	and
ond	ond	conj	113	and
ond	ond	conj	113	and
ond	ond	conj	114	and
ond	ond	conj	115	and
ond	ond	conj	115	and
ond	ond	conj	116	and
ond	ond	conj	116	and
ond	ond	conj	117	and
ond	ond	conj	117	and
ond	ond	conj	118	and
ond	ond	conj	119	and
ond	ond	conj	123	and
ond	ond	conj	123	and
ond	ond	conj	124	and
ond	ond	conj	124	and
ond	ond	conj	130	and
ond	ond	conj	130	and
ond	ond	conj	142	and
onfindan	onfond	pret.sv	131	found out
Ongel	Ongle,	dpn	8	the Angles land
Ongel	Ongle,	dpn	35	the Angles
Ongendmyrgingas	Ongendmyrgingum	dpn	85	the Ongendmyrgings
onginnan	Ongon	pret.sv	9	began
onlūcan	onleac,	pret.sv	1	unlocked
ord	ord	asn	48	vanguard
ōrettan	ōrette.	pret.sv	41	fighting
Oswine	Oswine	nsn	26	Oswin
oþ þæt	oþþæt	conj	141	until
oþer	oþrum	dpn	12	others
ōþer	ōþerne	num	97	second
oþþe	oþþe	conj	138	or
Peohtas	Peohtum	dpn	79	the Picts
Perse	Persum	dpn	84	the Perse
rædan	rædan,	v	12	govern
Rædhere	Rædhere	asn	123	Rædhere
reord	reorde	gsn	103	voice
rice	ricost	adj	15	powerful
rīce	rīces.	gsn	78	realm
rīce	rīce	asn	133	rule
Rondhere	Rondhere,	asn	123	Rondhere
Rondingas	Rondingum,	dpn	24	The Rondings
Rugas	Rugum	dpn	69	the Rugi
Rumstan	Rumstan	asn	123	Rumstan
Rumwalas	Rumwalum.	dpn	69	Rome-foreigners
Sæ-dene	Sæ-denum	dpn	28	the Sea-Danes
Sæferð	Sæferð	nsn	31	Sæferð
sǣmest	sǣmestan,	adj	125	worst
sǣne	sǣne	adj	67	stingy
scacan	scæceð,	pres.sv	141	pass
Sceafa	Sceafa	nsn	32	Sheaf
Sceafthere	Sceafthere	nsn	32	Sceafthere
sceatt	sceatta	gpn	92	denarii
Scilling	Scilling	nsn	103	Scilling
scillingrīm	scillingrīme;	dsn	92	shilling count
scīr	scīran	adj	103	clear
Scottas	Scottum	dpn	79	the Irish
Scridefinnas	Scridefinnum;	dpn	79	The Lapps
scrīþan	scrīþende	participle	135	wandering
sculan	Sceal	pres.sv	11	Shall
sculan	sceolde	pret.sv	100	would
sculan	sceoldon	pret.pv	121	shall
sculan	sceolde.	pret.sv	126	should
se	se	dpn	2	that
se	se	dem.pn	13	that
se	se	dem.pn	36	that
se	se	dem.pn	71	that
se	se	dem.pn	77	that
se	se	dem.pn	90	that
se	se	dem.pn	132	that
se	se	dem.pn	133	that
se	se	dem.pn	140	that
se	se	dem.pn	142	that
sē	þāra	gpn	14	that
sē	þāra	gpn	17	that
sē	þāra	gpn	36	those
sē	þām	dspn	91	that
sē	þone	aspn	93	that
sē	þa	nppn	107	they
sē	þa	art	110	the
sē	þæt	nsn	111	that
sē	þā	asn	118	the
sē	þæt	aspn	125	that
sē	þa	npart	125	the
sē	þām	adj	127	that
sē	þæt	asn	131	that
sē	þære	adj	131	that
Seafola	Seafolan	asn	115	Seafola
Seaxan	Seaxum	dpn	62	the Saxons
sēcan	sōhte	pret.sv	110	sought
sēcan	sōhte	pret.sv	112	sought
sēcan	sōhte	pret.sv	113	sought
sēcan	sōhte	pret.sv	115	sought
sēcan	sōhte	pret.sv	117	sought
sēcan	sōhte	pret.sv	119	sought
sēcan	sōhte	pret.sv	123	sought
Secca	Seccan	asn	115	Secca
secgan	secgan	v	54	speak
secgan	secgan	v	100	say
secgan	secgað,	pres.pv	137	says
sel	selast,	adj	14	best
sēl	sēlast	adj	101	best
sēl	sēllan	adj	108	good
sēl	sēlestan;	art	110	best
Sercingas	Sercingum	dpn	75	the Sercings
Seringas	Seringum;	dpn	75	the Serae
sibb	sibbe	gsn	46	kinship
siex	siex	num	91	six
Sifeca	Sifecan,	asn	116	Sifeca
sigedryhten	sigedryhtne	dsn	104	victory-lord
Sigehere	Sigehere	nsn	28	Sighere
simle	symle	adv	131	always
simle	simle	adv	138	always
singan	singan	v	54	sing
sīþ	sīþe	isn	6	going/journey
siþþan	siþþan	conj	47	after he
sīþþan	sīþþan	adv	43	afterwards
smǣte	smǣtes	adj	91	refined
somod	somod;	adv	142	together
song	songes	gsn	67	song
song	songe	dsn	100	song
song	song	asn	104	song
song	song	asn	108	a song
spell	spell,	asn	54	tale
sprecan	sprecan:	pret.pv	9	speaking
sprecan	sprēcan,	pret.sv	107	spoke
sprecan	sprecaþ,	pres.pv	137	speaking
sūð	sūð	adv	138	south
suhtorfædran	suhtorfædran,	npn	46	nephew and uncle
sum	sumne	aspn	138	some one
Suþ-dene	Suþ-denum.	dpn	58	the south-Danes
swā	swā	conj	44	as
swā	Swā	conj	50	as
swā	Swā	adv	131	thus
swā	Swā	conj	135	as
Swæfe	Swæfum,	dpn	22	Swæfe
Swæfe	Swæfe,	asn	44	the Suebi
Swæfe	Swæfum	dpn	61	Swæfe
swegl	swegle	dsn	101	sky
Sweon	Sweom	dpn	31	Swedes
Sweon	Sweom	dpn	58	Swedes
sweord	sweorde	isn	41	sword
sweord	sweordum	ipn	120	swords
Sweordwere	Sweordwerum.	dpn	62	Suardones
swinsian	swinsade,	pret.sv	105	sing out
swylce	Swylce	adv	70	likewise
Sycga	Sycgum	dpn	62	the Sycgans
Sycgan	Sycgum,	dpn	31	Sycgan
syllan	sealde,	pret.sv	93	gave
syllan	syleð	pres.sv	133	give
to	to	prep	67	to
to	to	prep	72	to
to	to	prep	94	to
to	to	prep	95	to
to	to	prep	134	to
uncer	uncrum	adj	104	our two
under	under	prep	101	under
under	under	prep	143	under
unhnēaw	unhnēaweste	adj	73	generous
unhnēaw	unhnēawne,	adj	139	generous
Unwen	Unwenes.	gsm	114	of Unwen
Wada	Wada	nsn	22	Wada
wæcnan	onwocon.	pret.pv	5	awoke
wærloga	wærlogan.	dpn	9	oath-breaker
Wærne	Wærnum	dpn	59	the Varni
Walas	Wala	gpn	78	Roman's
Wald	Wald	nsn	30	Wald
wealdan	wealdan!	pret.sv	10	rule
wealdan	weold	psv	18	ruled
wealdan	weold	psv	20	ruled
wealdan	weold	psv	22	ruled
wealdan	weold	psv	24	ruled
wealdan	weold	psv	26	ruled
wealdan	weold,	psv	28	ruled
wealdan	weold	psv	35	ruled
wealdan	weold	ppv	129	ruled
wēl	wēl	adv	107	well
Wenlas	Wenlum	dpn	59	Wenlas
wer	werum	ipn	130	men
wergan	wergan	v	121	defend
Wern	Wernum.	dpn	25	the Werns
wesan	wæs	psv	14	was
wesan	wæs	psv	34	was
wesan	wæs	psv	36	was
wesan	wæs	psv	57	was
wesan	wæs	psv	59	was
wesan	wæs	psv	60	was
wesan	wæs	psv	61	was
wesan	wæs	psv	62	was
wesan	wæs	psv	63	was
wesan	wæs	psv	64	was
wesan	Næs	psv	67	was not
wesan	wæs	psv	68	was
wesan	wæs	psv	69	was
wesan	wæs	psv	70	was
wesan	wæs	psv	75	was
wesan	wæs	psv	76	was
wesan	wæs	psv	79	was
wesan	wæs	psv	80	was
wesan	wæs	psv	82	was
wesan	wæs	psv	84	was
wesan	wæs	psv	86	was
wesan	wæs	psv	88	was
wesan	wæs	psv	91	was
wesan	wæs	psv	111	were
wesan	wæran	ppv	125	were
wicingas	wicinga	gpn	47	the Wicing
Wicingas	wicingum.	dpn	59	the Wicings
wið	wið	prep	42	against
wīde	wīde.	adv	53	widely
Widsið	Widsið	nsn	1	Widsith
wīf	wīfum,	ipn	130	women
wig	wig	nsn	119	warfare
willa	wilna,	gpn	78	desirable things
willan	wile.	pret.sv	13	will
willan	wile	pres.sv	140	will
wīnburg	wīnburga	gpn	77	wine-borough
windan	wundnan	past participle v	129	wound
Winedas	Winedum	dpn	60	Winedas
wiola	wiolena	gpn	78	riches
Wistlawudu	Wistlawudu	gpn	121	The Wistle wood
wit	wit	pn	103	we two
witan	wisse	pret.sv	101	knew
Witta	Witta	nsn	22	Witta
Wiþergield	Wiþergield	asn	124	Wiþergield
Wiþmyrgingas	Wiþmyrginga.	gpn	118	the Wiþmyrgings
wlonc	wlonce,	adj	106	proud
wlonc	wloncan	adj	118	proud
Wod	Wod	nsn	30	Wod
Woingas	Woingum,	dpn	30	the Woings
word	wordum	ipn	107	words
wordhord	wordhord	as	1	wordhoard/vocabulary
worn	worn	asn	9	a great number (of words)
wræcca	wræccan	npn	129	wanderers
wraþ	wraþes	adj	9	hostile
Wrosnan	Wrosnum.	dpn	33	Wrosnan
Wudga	Wudgan	asn	124	Wudga
Wudga	Wudga	nsn	130	Wudga
Wulfhere	Wulfhere	asn	119	Wulfhere
Wulfingas	Wulfingum,	dpn	29	the Wulfings
wyrcan	wyrcenne,	dsn	72	earning
Wyrmhere	Wyrmhere;	asn	119	Wyrmhere
yfel	yfles	gsn	51	evil things
ymb	ymb	prep	121	about
Yte	Ytum	dpn	26	the Jutes
Yumbran	Ymbrum,	dpn	32	the Ymbran
þa	þa	adv	9	then
þā	þa	conj	94	when
þā	þā	adv	97	then
þǣr	þǣr	adv	52	there
þǣr	þǣr	adv	65	there
þǣr	þǣr	adv	66	there
þǣr	þǣr	adv	89	there
þǣr	þǣr	adv	119	there
þǣr	þǣr	adv	129	there
þæs	þæs	conj	95	because
þæt	þæt	conj	108	that
þæt	þæt	conj	132	that
þǣt	þǣt	nsn	67	that
þe	þe	rpn	2	that
þe	þe	in	13	who
þe	þe	in	17	who
þe	þe	in	77	who
þe	þe	in	95	who
þe	þe	in	107	who
þe	þe	in	126	who
þe	þe	in	133	who
þe	þe	in	140	who
þēah	þēah	conj	126	although
þearf	þearfe	asn	137	need
þeaw	þeawum	dpn	11	good custom
þenden	þenden	conj	134	while
þeod	þeodna	npn	11	men
þēod	þēode;	asn	128	band
þeodenstol	þeodenstol	n	13	king-stool
þeodric	þeodric	nsn	24	Theodric
þeodric	þeodric,	asn	115	Theodric
þoncword	þoncword	apn	137	thank-words
þonne	þonne	conj	100	when
þonne	Ðonne	conj	103	then
þonne	þonne	adv	106	then
þonne	þonne	conj	120	when
þrāg	þrāge,	asn	88	time
Þrowend	Þrowendum,	dpn	64	Þrowend
þrym	þrym.	asn	49	force
Þyle	Þyle	nsn	24	Thyle
Þyringas	Þyringum,	dpn	30	the Thuringians
Þyringas	Þyringum	dpn	64	the Thuringians
